category,pop_1941,pop_1942,percentage_adjusted
Chinese-administered area,861231,944052,1.1115944884391962
French Concession,220002,224967,3.7978014553245587
International Settlement,579927,2058631,0.7702560585165579
